"Species","Ind","Dist","ROI","CAA.Sc","CAA.Jc","CAA.St","CAA.Jt","CAA.Hc","CAA.Qc","CAA.Ht","CAA.Qt","CAA.Scpl","CAA.Qcpl","CAA.C","CAA.Sc.Hrz","CAA.Sc.Vrt","CAA.Jc.Hrz","CAA.Jc.Vrt","CAA.St.Hrz","CAA.St.Vrt","CAA.Jt.Hrz","CAA.Jt.Vrt","CAA.Hc.Hrz","CAA.Hc.Vrt","CAA.Qc.Hrz","CAA.Qc.Vrt","CAA.Ht.Hrz","CAA.Ht.Vrt","CAA.Qt.Hrz","CAA.Qt.Vrt","CAA.Scpl.Hrz","CAA.Scpl.Vrt","CAA.Qcpl.Hrz","CAA.Qcpl.Vrt","CAA.C.Hrz","CAA.C.Vrt","CAA.PT","CAA.PT.Hrz","CAA.PT.Vrt","CAA.Asp","VCA.ML","VCA.sL","VCA.CVL","VCA.MDmax","VCA.sDmax","VCA.CVDmax","VCA.MSsat","VCA.sSsat","VCA.CVSsat","VCA.MSL","VCA.sSL","VCA.CVSL","VCA.MS","VCA.sS","VCA.CVS","VCA.ML.Hrz","VCA.sL.Hrz","VCA.CVL.Hrz","VCA.ML.Vrt","VCA.sL.Vrt","VCA.CVL.Vrt","VCA.MDmax.Hrz","VCA.sDmax.Hrz","VCA.CVDmax.Hrz","VCA.MDmax.Vrt","VCA.sDmax.Vrt","VCA.CVDmax.Vrt","VCA.MSsat.Hrz","VCA.sSsat.Hrz","VCA.CVSsat.Hrz","VCA.MSsat.Vrt","VCA.sSsat.Vrt","VCA.CVSsat.Vrt","VCA.MSL.Hrz","VCA.sSL.Hrz","VCA.CVSL.Hrz","VCA.MSL.Vrt","VCA.sSL.Vrt","VCA.CVSL.Vrt","VCA.MS.Hrz","VCA.sS.Hrz","VCA.CVS.Hrz","VCA.MS.Vrt","VCA.sS.Vrt","VCA.CVS.Vrt","BSA.BML","BSA.BsL","BSA.BCVL","BSA.BMDmax","BSA.BsDmax","BSA.BCVDmax","BSA.BMSsat","BSA.BsSsat","BSA.BCVSsat","BSA.BMSL","BSA.BsSL","BSA.BCVSL","BSA.BMS","BSA.BsS","BSA.BCVS","BSA.BML.Hrz","BSA.BsL.Hrz","BSA.BCVL.Hrz","BSA.BML.Vrt","BSA.BsL.Vrt","BSA.BCVL.Vrt","BSA.BMDmax.Hrz","BSA.BsDmax.Hrz","BSA.BCVDmax.Hrz","BSA.BMDmax.Vrt","BSA.BsDmax.Vrt","BSA.BCVDmax.Vrt","BSA.BMSsat.Hrz","BSA.BsSsat.Hrz","BSA.BCVSsat.Hrz","BSA.BMSsat.Vrt","BSA.BsSsat.Vrt","BSA.BCVSsat.Vrt","BSA.BMSL.Hrz","BSA.BsSL.Hrz","BSA.BCVSL.Hrz","BSA.BMSL.Vrt","BSA.BsSL.Vrt","BSA.BCVSL.Vrt","BSA.BMS.Hrz","BSA.BsS.Hrz","BSA.BCVS.Hrz","BSA.BMS.Vrt","BSA.BsS.Vrt","BSA.BCVS.Vrt","Col.mean","Col.sd","Col.CoV","Col.skew","Col.kurtosis","Lum.mean","Lum.sd","Lum.CoV","Lum.skew","Lum.kurtosis","Col.mean.hrz","Col.sd.hrz","Col.CoV.hrz","Col.skew.hrz","Col.kurtosis.hrz","Col.mean.vrt","Col.sd.vrt","Col.CoV.vrt","Col.skew.vrt","Col.kurtosis.vrt","Lum.mean.hrz","Lum.sd.hrz","Lum.CoV.hrz","Lum.skew.hrz","Lum.kurtosis.hrz","Lum.mean.vrt","Lum.sd.vrt","Lum.CoV.vrt","Lum.skew.vrt","Lum.kurtosis.vrt","Transform","Col.thresh","Lum.thresh","GabRat"
"aphelodoris_varia","3_AphelodorisVaria_10_NF_D_RAW","30cm","animal",1,1,Inf,NA,0,NA,0,NA,Inf,NA,0,1,1,1,1,Inf,Inf,NA,NA,0,0,NA,NA,0,0,NA,NA,Inf,Inf,NA,NA,0,0,Inf,Inf,Inf,NA,0.07415875,NA,NA,0.089145947,NA,NA,2.695919339,NA,NA,NA,NA,NA,NA,NA,NA,0.07415875,NA,NA,0.07415875,NA,NA,0.089145947,NA,NA,0.089145947,NA,NA,2.695919339,NA,NA,2.695919339,NA,NA,NA,NA,NA,NA,NA,NA,NA,NA,NA,NA,NA,NA,0,0,NA,0,0,NA,0,0,NA,0,0,NA,0,0,NA,0,0,NA,0,0,NA,0,0,NA,0,0,NA,0,0,NA,0,0,NA,0,0,NA,0,0,NA,0,0,NA,0,0,NA,0.173644877,0.285183741,1.642338926,2.351300943,9.700354262,0.892841911,1.431053789,1.602807587,2.255973526,9.558368315,0.087703008,0.185671077,2.117043443,3.92609525,22.61681526,0.089075451,0.194266117,2.180916457,3.913758678,22.073214691,0.435556183,0.895886346,2.056878952,3.612730187,20.015199554,0.456351619,0.990475649,2.170422124,3.852028764,22.429725479,"none",0,0,0.168212027
"aphelodoris_varia","3_AphelodorisVaria_10_NF_D_RAW","30cm","animal+background",1.76388061,0.587960203,2.09890783,0.699635943,0.76057997,0.692309723,0.837318423,0.762160074,0.643798073,0.727234899,0.016187555,1.763112831,1.764645575,0.587704277,0.588215192,2.069080826,2.118685543,0.689693609,0.706228514,0.760289961,0.7608685,0.692045746,0.692572355,0.838699076,0.829844588,0.763416798,0.755357096,0.638698943,0.647221853,0.727731272,0.723964725,0.017685393,0.014690357,60.775850104,55.543837357,67.071865443,0.452991225,0.041505378,0.023105098,0.556677199,0.085597329,0.009909556,0.115769452,2.469104937,0.277695333,0.112468016,16.016081417,6.011109767,0.375317134,3.334726972,1.209653966,0.362744529,0.041295416,0.022968746,0.556205695,0.041307586,0.022968204,0.556028709,0.085572851,0.009828942,0.114860523,0.08556912,0.009826575,0.114837863,2.467878463,0.275630669,0.111687295,2.467834151,0.275530825,0.111648842,16.01783129,6.010669265,0.375248631,16.014337607,6.011547951,0.375385364,3.335079536,1.209563824,0.362679154,3.334375629,1.209743636,0.362809644,0.288844135,0.094715832,0.327913295,0.078658941,0.083579179,1.062551537,0.060683017,0.083503515,1.376060707,11.981626004,4.230545179,0.353086065,2.522452541,0.854720396,0.338844986,0.293908674,0.095293336,0.32422771,0.282749651,0.093472079,0.330582475,0.075364866,0.082518042,1.094913937,0.082622912,0.084583794,1.023732907,0.057638926,0.082807402,1.436657636,0.064346166,0.084114786,1.30722297,12.206168389,4.271659991,0.349959123,11.711419802,4.156480545,0.354908339,2.567850913,0.862754846,0.335983231,2.467821778,0.84008617,0.340416061,0.216112405,0.416888166,1.929033946,3.158601705,19.114900773,0.75995809,1.631293679,2.146557422,4.713521372,38.984497479,0.112456708,0.285706048,2.540586987,5.473994487,47.544458267,0.106479399,0.264324817,2.482403363,5.224415835,45.331207436,0.38608253,1.096462934,2.839970339,7.414604265,84.338069163,0.375188042,1.066440249,2.842415351,7.844372529,98.053375662,"none",0,0,0.533206831
"aphelodoris_varia","3_AphelodorisVaria_10_NF_D_RAW","30cm","background",1.115946332,0.371982111,1.257708792,0.419236264,0.22481844,0.204638563,0.35863465,0.517400432,0.395609187,0.361019497,0.006605713,1.116015326,1.115877517,0.372005109,0.371959172,1.28,1.234316095,0.426666667,0.411438698,0.224809117,0.224827195,0.324330998,0.324357079,0.376770161,0.338484704,0.34295098,0.308102055,0.399335888,0.391698935,0.333640989,0.316229567,0.006812182,0.006399728,150.384120172,145.795833333,155.256637168,0.484287118,0.032660362,0.007998652,0.24490395,0.083353512,0.004898335,0.058765785,2.402848878,0.171669557,0.071444176,15.311072115,4.60541363,0.300789755,2.906241525,0.333696052,0.114820482,0.032571161,0.007764456,0.238384388,0.032571312,0.007773731,0.238668032,0.08332299,0.004745561,0.056953797,0.083318326,0.004754069,0.05705911,2.40156493,0.166829004,0.069466789,2.401418965,0.166895024,0.069498503,15.310736483,4.605540841,0.300804657,15.311406819,4.605286731,0.300774892,2.906227215,0.333763621,0.114844297,2.906255794,0.333628654,0.114796727,0.279555055,0.053229721,0.190408722,0.112214809,0.107790756,0.96057514,0.131828903,0.093796037,0.711498274,11.504125252,2.256354952,0.196134422,2.917341168,0.694303138,0.237991753,0.278482591,0.054998855,0.19749477,0.280693954,0.051235088,0.182530072,0.114386559,0.111373272,0.973656978,0.109908525,0.103751602,0.94398139,0.13371869,0.096913427,0.724756028,0.129822049,0.090281296,0.695423439,11.458664579,2.331346802,0.203457112,11.552402073,2.171804435,0.187995918,2.903352461,0.717378885,0.247086392,2.932196432,0.668286092,0.227913139,0.194252757,0.366595818,1.88721037,1.822317159,8.34857552,0.597960987,1.099526121,1.838792405,1.932861097,10.511728104,0.097435322,0.229750936,2.357984052,3.416358028,20.875638704,0.098877432,0.234367543,2.370283482,3.664855029,24.90276129,0.297193667,0.678928598,2.284465231,3.536356951,24.860594901,0.301220417,0.70587616,2.343387499,4.001881322,32.96847395,"none",0,0,0.413992016
"aphelodoris_varia","3_AphelodorisVaria_10_NF_D_RAW","50cm","animal",1,1,Inf,NA,0,NA,0,NA,Inf,NA,0,1,1,1,1,Inf,Inf,NA,NA,0,0,NA,NA,0,0,NA,NA,Inf,Inf,NA,NA,0,0,Inf,Inf,Inf,NA,0.072590814,NA,NA,0.089635449,NA,NA,2.723552716,NA,NA,NA,NA,NA,NA,NA,NA,0.072590814,NA,NA,0.072590814,NA,NA,0.089635449,NA,NA,0.089635449,NA,NA,2.723552716,NA,NA,2.723552716,NA,NA,NA,NA,NA,NA,NA,NA,NA,NA,NA,NA,NA,NA,0,0,NA,0,0,NA,0,0,NA,0,0,NA,0,0,NA,0,0,NA,0,0,NA,0,0,NA,0,0,NA,0,0,NA,0,0,NA,0,0,NA,0,0,NA,0,0,NA,0,0,NA,0.166360007,0.269533706,1.620183308,2.286320095,9.671850518,0.898793453,1.380675854,1.536143649,2.060313263,8.282278713,0.082059329,0.175650603,2.140531788,3.887552241,22.671747479,0.086940902,0.187394022,2.155418433,3.88184397,22.905255021,0.440663513,0.876138394,1.988225408,3.493638414,19.455513064,0.457379519,0.98068919,2.144147581,3.690217017,20.013642127,"none",0,0,0.16241575
"aphelodoris_varia","3_AphelodorisVaria_10_NF_D_RAW","50cm","animal+background",1.654065671,0.827032836,1,1,0.584586948,0.843380691,0,NA,0.913516418,NA,0.014312251,1.65333738,1.654789774,0.82666869,0.827394887,1,1,1,1,0.584299293,0.584872636,Inf,Inf,0,0,0,0,0.913334345,0.913697444,Inf,Inf,0.016632143,0.011993912,68.870212766,59.124542125,82.375634518,0.417840765,0.041395551,0.023926001,0.577984844,0.082934571,0.000149227,0.001799332,2.444179437,0.14772928,0.060441258,15.986752144,0,0,3.383042795,0,0,0.041337198,0.023883676,0.577776835,0.04135925,0.023899713,0.577856534,0.082934935,0.000148963,0.001796141,0.082934798,0.000149063,0.00179735,2.443819142,0.147467944,0.060343231,2.443955298,0.147566965,0.060380386,15.986752144,0,0,15.986752144,0,0,3.383042795,0,0,3.383042795,0,0,0.379665542,NA,NA,0.001429574,NA,NA,0.046964436,NA,NA,15.986752144,NA,NA,3.383042795,NA,NA,0.379665542,NA,NA,0.379665542,NA,NA,0.001429574,NA,NA,0.001429574,NA,NA,0.046964436,NA,NA,0.046964436,NA,NA,15.986752144,NA,NA,15.986752144,NA,NA,3.383042795,NA,NA,3.383042795,NA,NA,0.229445543,0.462787068,2.016979986,3.639096461,23.179535619,0.845689763,1.807665285,2.137504039,4.395527477,31.588497665,0.12176478,0.326349943,2.680166978,6.062450675,54.563796741,0.110675987,0.291281119,2.631836656,5.994517087,56.054579929,0.440526496,1.263166984,2.867402974,7.047936301,70.136926781,0.406821474,1.150634936,2.828353493,7.211021781,78.22196144,"none",0,0,0.446827241
"aphelodoris_varia","3_AphelodorisVaria_10_NF_D_RAW","50cm","background",1.156487918,0.578243959,1,1,0.26128772,0.376958497,0,NA,0.78912198,NA,0.007559395,1.157220683,1.155758824,0.578610342,0.577879412,1,1,1,1,0.262102035,0.260475557,Inf,Inf,0,0,0,0,0.789305171,0.788939706,Inf,Inf,0.007959815,0.007160456,131.285714286,124.631067961,138.655913978,0.473365857,0.032558585,0.00876882,0.269324362,0.084745905,0.003708167,0.043756303,2.43118016,0.124892492,0.051371138,11.305255299,0,0,2.790175728,0,0,0.032494102,0.008621271,0.265318009,0.032479135,0.008586521,0.264370379,0.084718637,0.003645772,0.043033879,0.084712308,0.003631077,0.042863627,2.43026175,0.122790974,0.050525823,2.430048574,0.122296047,0.050326585,11.305255299,0,0,11.305255299,0,0,2.790175728,0,0,2.790175728,0,0,0.275338732,NA,NA,0.055605777,NA,NA,0.064751477,NA,NA,11.305255299,NA,NA,2.790175728,NA,NA,0.275338732,NA,NA,0.275338732,NA,NA,0.055605777,NA,NA,0.055605777,NA,NA,0.064751477,NA,NA,0.064751477,NA,NA,11.305255299,NA,NA,11.305255299,NA,NA,2.790175728,NA,NA,2.790175728,NA,NA,0.187927753,0.348887872,1.856499997,1.889669801,9.812817864,0.630622283,1.099332724,1.743250679,1.611061938,8.51117387,0.093803359,0.212117821,2.261303043,3.088077964,18.019728919,0.096106081,0.230509434,2.398489585,4.080656649,31.636843608,0.313742479,0.657896265,2.096930794,2.734095715,16.663362488,0.316597035,0.713280825,2.252961163,3.700362981,27.818631263,"none",0,0,0.359071507
"aphelodoris_varia","3_AphelodorisVaria_11_NF_D_RAW","30cm","animal",3.407768673,0.851942168,3.086572131,0.514428688,1.293670556,0.933186048,1.256065836,0.780437584,0.683185428,0.856811816,0.062364257,3.40157448,3.413591142,0.85039362,0.853397786,3.184173438,2.935795197,0.530695573,0.489299199,1.292823594,1.294439322,0.803276463,0.804280371,1.269495864,1.224681681,0.915747694,0.883421094,0.690544596,0.671348492,0.859512079,0.843850733,0.066728933,0.058029272,15.034825871,13.98600311,16.23268206,0.462826329,0.071036971,0.035485624,0.499537398,0.078791482,0.017612775,0.223536536,2.374494985,0.527524743,0.222162921,13.728048598,7.038731589,0.512726302,2.13915276,0.824814457,0.38557997,0.070698895,0.035211636,0.498050726,0.071183455,0.035491965,0.498598518,0.078952714,0.017485705,0.221470603,0.078719659,0.017619433,0.223825067,2.380053926,0.522435226,0.219505625,2.372732832,0.528051268,0.222549821,13.711595529,7.030893066,0.512769871,13.74423882,7.046386373,0.512679274,2.137978294,0.824298398,0.385550405,2.140308464,0.825319782,0.385607867,0.230524923,0.0651779,0.282736889,0.10784994,0.081371912,0.754491954,0.097679387,0.110173279,1.127907154,9.435406374,2.897429695,0.307080541,1.628386373,0.360129454,0.221157251,0.234144376,0.068610103,0.293024775,0.22639116,0.060693161,0.268089801,0.11456853,0.084331084,0.736075465,0.100176666,0.076963158,0.768274302,0.107910053,0.115553643,1.070832974,0.085994985,0.102132284,1.187653958,9.594505848,3.060815923,0.319017568,9.253699516,2.684374283,0.290086606,1.63054449,0.361995543,0.222008995,1.625921595,0.357966408,0.220162159,0.285720647,0.462067316,1.617199599,2.110977242,8.397064369,1.551196038,2.507149785,1.616268816,2.546356624,12.453981512,0.152679507,0.322144999,2.109942618,3.683354813,20.806041123,0.137516056,0.28172866,2.048696482,3.515951472,18.790954123,0.819883212,1.771439688,2.160600025,4.465145089,31.933328687,0.730156856,1.48719858,2.036820676,3.836817359,23.394648105,"none",0,0,0.205040247
"aphelodoris_varia","3_AphelodorisVaria_11_NF_D_RAW","30cm","animal+background",1.459878044,0.291975609,3.106215333,0.310621533,0.624898859,0.388271492,1.437536836,0.691309088,0.301298571,0.53979029,0.016754105,1.456517152,1.463236636,0.29130343,0.292647327,3.349150461,2.820400662,0.334915046,0.282040066,0.621685953,0.628086189,0.298967747,0.30204561,1.50409763,1.330704304,0.934548403,0.826813072,0.313109238,0.287343697,0.616758075,0.564429341,0.018575406,0.014932346,58.686863271,52.834622824,65.968712395,0.444723397,0.03545705,0.0240583,0.678519509,0.078256416,0.006353776,0.081191761,2.243282085,0.178316725,0.079489212,22.527356204,9.344530893,0.414808147,2.729535742,0.924193095,0.338589849,0.034990105,0.023395171,0.668622489,0.035135974,0.02367273,0.67374623,0.078360099,0.00599984,0.07656754,0.078333003,0.006069209,0.077479597,2.246202214,0.16834628,0.074947072,2.245433081,0.170314942,0.075849485,22.537563167,9.339771489,0.41440911,22.517184431,9.34925762,0.415205447,2.730410642,0.923752025,0.338319816,2.728663859,0.924631404,0.338858669,0.339393491,0.106350086,0.313353347,0.108131997,0.16824552,1.555927241,0.10469402,0.16326361,1.559435862,14.349143933,5.174760653,0.360632012,2.186775263,0.579184243,0.264857689,0.346169559,0.112423589,0.324764515,0.330962139,0.097521776,0.294661425,0.109806539,0.16794659,1.529477127,0.106048392,0.168590196,1.58974778,0.106335305,0.163070385,1.533548859,0.102651796,0.163477425,1.592543242,14.688172712,5.499384268,0.374409014,13.927295849,4.701039982,0.337541475,2.19419676,0.627524659,0.285992884,2.177540813,0.512538803,0.235375062,0.232334198,0.464288347,1.998364217,2.329422687,12.090019398,1.006385423,2.466137855,2.450490438,5.025546699,41.680054828,0.120332088,0.311434953,2.588128884,4.555422443,35.416668391,0.114591174,0.285887478,2.494847279,4.119206146,30.07407879,0.538403591,1.816928418,3.374658803,8.263608132,94.81386042,0.470728684,1.404212999,2.983062318,8.018168343,103.747082092,"none",0,0,0.524035756
"aphelodoris_varia","3_AphelodorisVaria_11_NF_D_RAW","30cm","background",1.251156747,0.625578373,1,1,0.353111424,0.5094321,0,NA,0.812789187,NA,0.010630038,1.25105112,1.251262317,0.62552556,0.625631158,1,1,1,1,0.353021634,0.353201141,Inf,Inf,0,0,0,0,0.81276278,0.812815579,Inf,Inf,0.01039501,0.010864813,93.073045267,95.2,91.040241449,0.511167722,0.027021874,0.005288611,0.195715923,0.076922739,0.037450343,0.486856597,2.206622614,1.072212816,0.485906747,10.491152332,0,0,2.35094759,0,0,0.027079171,0.005191195,0.191704346,0.02707816,0.00519294,0.191775935,0.077328472,0.036760506,0.475381256,0.077321317,0.036772862,0.475585041,2.218238875,1.052462626,0.474458652,2.218034015,1.052816362,0.474661955,10.491152332,0,0,10.491152332,0,0,2.35094759,0,0,2.35094759,0,0,0.256425741,NA,NA,0.900150797,NA,NA,0.897191088,NA,NA,10.491152332,NA,NA,2.35094759,NA,NA,0.256425741,NA,NA,0.256425741,NA,NA,0.900150797,NA,NA,0.900150797,NA,NA,0.897191088,NA,NA,0.897191088,NA,NA,10.491152332,NA,NA,10.491152332,NA,NA,2.35094759,NA,NA,2.35094759,NA,NA,0.197088649,0.397314943,2.015919975,1.520268487,6.69817608,0.680446566,1.286019069,1.889963346,1.275606832,6.019622918,0.09637968,0.237346738,2.462622175,3.119657103,19.044302315,0.102064965,0.253193361,2.480707858,3.109029713,19.063701117,0.333866134,0.767441489,2.298650302,2.802716883,17.563579005,0.348457533,0.811149238,2.327828104,2.835143853,17.838397715,"none",0,0,0.397036245
"aphelodoris_varia","3_AphelodorisVaria_11_NF_D_RAW","50cm","animal",3.321783966,0.830445992,2.706123924,0.451020654,1.280036404,0.923351086,1.222553061,0.759614926,0.640733323,0.841483006,0.080981941,3.314024201,3.328799883,0.82850605,0.832199971,2.802097992,2.566381085,0.467016332,0.427730181,1.278632635,1.281311664,0.794459125,0.796123699,1.230525401,1.190087031,0.887636447,0.858466329,0.647761191,0.629965076,0.841047786,0.827295014,0.084019302,0.077980365,11.348432056,10.902027027,11.823741007,0.47972095,0.067221424,0.026254017,0.390560267,0.075282058,0.00940466,0.124925651,2.282437712,0.328766639,0.144041889,11.086618284,5.650590845,0.509676684,1.778813758,0.741748418,0.416990488,0.066832035,0.026124071,0.390891444,0.06723803,0.026297655,0.391112819,0.075411856,0.009330908,0.123732643,0.075263424,0.009406823,0.124985324,2.286118154,0.325761153,0.142495327,2.282743217,0.329474921,0.144332888,11.076535176,5.646778719,0.509796487,11.096517339,5.654307565,0.509556953,1.777529854,0.74110268,0.416928401,1.780074226,0.742378942,0.41704943,0.19074666,0.055980457,0.293480666,0.057998271,0.048483654,0.83594999,0.057735824,0.075874835,1.314172542,7.750991521,2.404536638,0.310223103,1.399077743,0.360603589,0.257743782,0.191352989,0.05310293,0.277512937,0.190101072,0.058881368,0.309737169,0.060225975,0.04784908,0.79449242,0.055626329,0.049011381,0.881082435,0.062546797,0.079473511,1.270624794,0.052613349,0.07140126,1.35709399,7.773154082,2.275096219,0.292686366,7.727393974,2.534837363,0.328032629,1.396321518,0.366485812,0.262465204,1.402012429,0.354203682,0.252639474,0.279111507,0.417210951,1.494782338,1.669574158,5.947408438,1.530384932,2.269607397,1.483030412,2.021132446,8.743586196,0.149394464,0.298577406,1.998584142,3.244116677,16.065622404,0.135175998,0.248376259,1.837428707,2.907236716,14.146494485,0.807157076,1.667053164,2.065339216,3.871669405,23.224363341,0.721579394,1.308994962,1.814069211,3.191744718,18.537878955,"none",0,0,0.190645859
"aphelodoris_varia","3_AphelodorisVaria_11_NF_D_RAW","50cm","animal+background",1.413392714,0.353348179,3.968693389,0.661448898,0.608567292,0.438988507,1.525556527,0.851429309,0.507398538,0.645208908,0.018962076,1.410812137,1.415966965,0.352703034,0.353991741,4.478402764,3.260024367,0.746400461,0.543337395,0.60566579,0.611425581,0.338028513,0.341243114,1.611415563,1.349851853,1.162390621,0.973712287,0.549551747,0.448664568,0.750209567,0.657477701,0.021027014,0.016896333,51.736842105,46.55787037,58.18443804,0.444499182,0.035252727,0.021681127,0.615019856,0.077098045,0.008866657,0.115004958,2.211391267,0.203826928,0.092171354,19.530417408,7.788542344,0.398790368,2.780499056,0.884478819,0.318100744,0.034817822,0.021122607,0.606660787,0.034965212,0.021425764,0.612773745,0.077216987,0.008693026,0.112579198,0.077183701,0.008740179,0.113238663,2.214263132,0.199853464,0.090257323,2.213472887,0.20095243,0.090786036,19.534545444,7.78365033,0.398455667,19.526305116,7.793409748,0.399123628,2.781218572,0.88345077,0.31764881,2.779782284,0.885500986,0.318550482,0.330285706,0.138929515,0.420634356,0.122728345,0.10152617,0.827243046,0.095009043,0.073558612,0.774227476,14.043875071,6.590563745,0.469283849,2.068883779,0.882468286,0.426543189,0.347279534,0.15051068,0.433399222,0.309129125,0.11899449,0.384934579,0.123578861,0.100442169,0.812777916,0.12166949,0.102847948,0.845305983,0.095856986,0.072830688,0.75978487,0.093953391,0.074438705,0.792293972,14.883736718,7.185195968,0.482754842,12.998283626,5.556235912,0.427459199,2.165329564,0.934358332,0.431508601,1.948812946,0.793841867,0.407346363,0.227937534,0.442799475,1.942635195,2.206753027,11.409868784,1.0978354,2.609988773,2.377395347,4.376924408,31.640397214,0.120205957,0.309539057,2.575072518,4.571504025,35.147810913,0.110857535,0.260151152,2.346716,3.618372401,24.379374162,0.597066084,1.953527249,3.271877771,7.043856022,67.934635677,0.503587965,1.450181645,2.87969877,7.484291073,90.558968193,"none",0,0,0.409525916
"aphelodoris_varia","3_AphelodorisVaria_11_NF_D_RAW","50cm","background",1,1,Inf,NA,0,NA,0,NA,Inf,NA,0,1,1,1,1,Inf,Inf,NA,NA,0,0,NA,NA,0,0,NA,NA,Inf,Inf,NA,NA,0,0,Inf,Inf,Inf,NA,0.027010962,NA,NA,0.080776328,NA,NA,2.31497869,NA,NA,NA,NA,NA,NA,NA,NA,0.027010962,NA,NA,0.027010962,NA,NA,0.080776328,NA,NA,0.080776328,NA,NA,2.31497869,NA,NA,2.31497869,NA,NA,NA,NA,NA,NA,NA,NA,NA,NA,NA,NA,NA,NA,0,0,NA,0,0,NA,0,0,NA,0,0,NA,0,0,NA,0,0,NA,0,0,NA,0,0,NA,0,0,NA,0,0,NA,0,0,NA,0,0,NA,0,0,NA,0,0,NA,0,0,NA,0.182621363,0.352245323,1.928828678,1.240635215,5.141551274,0.702739792,1.268350511,1.80486508,0.975702478,4.439896496,0.088084139,0.20530229,2.33075209,2.68362318,15.385848802,0.095817834,0.225084213,2.349084757,2.627486037,14.086781553,0.342536407,0.736931539,2.151396246,2.24627582,12.972306806,0.362199868,0.802545327,2.21575268,2.457572654,14.030488621,"none",0,0,0.334970709
"aplysia_sp","4_Aplysiasp_1_NL_N_RAW","30cm","animal",2.095732406,0.698577469,1.219512195,0.406504065,0.806740817,0.734327137,0.325082973,0.468995594,0.552540767,0.601661365,0.047253396,2.091509502,2.099891229,0.697169834,0.699963743,1.249511909,1.19003347,0.41650397,0.396677823,0.8029826,0.810412232,1.158459014,1.169177708,0.351710479,0.296715257,0.320140674,0.270081866,0.556836902,0.548320783,0.739299844,0.719629787,0.047225502,0.047281324,20.1625,20.175,20.15,0.500309981,0.031004141,0.00597543,0.192730054,0.116298966,0.041389288,0.355886984,3.62653171,1.192103738,0.328717307,9.804723691,6.511904924,0.664159963,1.513341084,0.78841173,0.520974246,0.031170179,0.005637059,0.180847819,0.031090979,0.005730369,0.184309695,0.116326571,0.041567524,0.357334734,0.116028656,0.041461305,0.357336774,3.628803671,1.196423797,0.329701991,3.619812665,1.193559976,0.329729764,9.800536592,6.516237324,0.664885771,9.808915986,6.50756021,0.663433168,1.515049809,0.787479557,0.519771398,1.51163024,0.789338397,0.522176903,0.133184656,0.082111643,0.616524801,0.266463428,0.083376535,0.312900483,0.243579312,0.086764852,0.356207806,5.386298124,3.450316906,0.640572955,1.889263822,0.636749866,0.33703597,0.135603893,0.086485626,0.637781287,0.130765418,0.077339962,0.591440479,0.264006923,0.087817897,0.332634825,0.268919933,0.078531348,0.292025017,0.241022978,0.091386705,0.379161795,0.246135646,0.081722763,0.332023273,5.487954061,3.634110877,0.662197758,5.284642188,3.249811675,0.614953967,1.870503399,0.670668717,0.358549852,1.908024245,0.599746981,0.314328805,0.274400103,0.518631858,1.890057085,0.986362287,3.941408605,0.831922403,1.413258503,1.698786447,0.465898291,2.619743523,0.136444807,0.301299702,2.208216697,2.138189297,11.135819155,0.135922387,0.314300978,2.312356225,2.280570257,10.90464092,0.403080577,0.786304941,1.950738848,1.070465028,4.31173918,0.394901686,0.804726262,2.037788874,1.771279364,10.552005806,"none",0,0,0.410528942
"aplysia_sp","4_Aplysiasp_1_NL_N_RAW","30cm","animal+background",2.752912787,0.550582557,3.491387295,0.349138729,1.216758862,0.756014788,1.497068644,0.719937836,0.449860643,0.737976312,0.031811218,2.738068112,2.767623597,0.547613622,0.553524719,3.623290533,3.325895037,0.362329053,0.332589504,1.213185992,1.220265971,0.583419138,0.586823888,1.527258989,1.455316334,0.948939364,0.904238879,0.454971338,0.443057112,0.766179251,0.745531384,0.035699605,0.027930316,30.435451837,27.011514615,34.803389831,0.436974138,0.091066716,0.040956691,0.449743799,0.142786764,0.028410027,0.198968209,4.152416811,0.876176499,0.211003986,16.511770005,8.442871307,0.511324425,3.064640053,1.40989097,0.460051081,0.091772068,0.040973192,0.446466917,0.091461297,0.041001963,0.448298507,0.142837674,0.028426499,0.199012615,0.142758306,0.028495907,0.199609454,4.15161216,0.874302911,0.210593591,4.150224558,0.877414802,0.211413814,16.528081726,8.443962654,0.510885824,16.495619807,8.441751814,0.511757176,3.065051807,1.410212269,0.460094106,3.064232377,1.409572632,0.4600084,0.249959837,0.09851452,0.394121395,0.0966523,0.097631785,1.010134109,0.090493917,0.113589343,1.255215239,10.332937239,4.388202473,0.424681034,1.848731614,0.970423846,0.524913318,0.251307602,0.100091346,0.398282208,0.248240485,0.096434302,0.388471293,0.099566061,0.099038161,0.994697992,0.092935198,0.095660582,1.029325638,0.094020872,0.115264042,1.225941004,0.085994558,0.111231015,1.29346575,10.395159557,4.463413927,0.429374259,10.25355984,4.288844021,0.418278538,1.87853666,0.977333732,0.520263326,1.810709131,0.960002914,0.530180633,0.183018471,0.394123115,2.153460863,3.683177724,23.681872042,0.901657683,1.859205433,2.061985904,3.594391543,22.478159736,0.099655541,0.268501371,2.694294441,6.036811012,59.079317296,0.086517411,0.229524305,2.652926184,5.943915272,56.046022269,0.493326089,1.278509867,2.591612111,5.754952566,51.643243695,0.4078773,1.069928738,2.623163238,5.990041262,56.954620243,"none",0,0,0.46794848
"aplysia_sp","4_Aplysiasp_1_NL_N_RAW","30cm","background",1.527949597,0.509316532,1.709906014,0.569968671,0.634995114,0.577997462,0.605741816,0.873900714,0.539642602,0.725949088,0.015519613,1.522757733,1.533118951,0.507585911,0.51103965,1.746534653,1.655136256,0.582178218,0.551712085,0.631484489,0.638459169,0.911039541,0.921101877,0.618719125,0.585009227,0.563182418,0.532498346,0.544882064,0.531375868,0.737110979,0.726800112,0.018339379,0.01270533,63.434594595,53.527472527,77.707124011,0.40787623,0.094496211,0.037799186,0.400007428,0.14482097,0.03224159,0.22263067,4.183733891,0.928549643,0.221942807,23.07909942,7.858821113,0.340516801,3.318421956,0.725025994,0.218485173,0.09522104,0.037161292,0.390263458,0.094969636,0.037407287,0.393886808,0.145182983,0.031579224,0.217513261,0.144975176,0.032009581,0.220793527,4.19333051,0.909184502,0.2168168,4.187518769,0.921716852,0.2201105,23.091089664,7.845941009,0.33978219,23.06720078,7.871554897,0.341244478,3.318483374,0.725332244,0.218573415,3.318361007,0.724721949,0.21839756,0.396644415,0.154291453,0.388991872,0.175307282,0.326261543,1.861083798,0.168228881,0.341366759,2.029180463,17.021626017,7.078522622,0.415854667,2.872804216,0.297794511,0.10365987,0.392940073,0.156553919,0.398416782,0.401981012,0.150652556,0.374775303,0.183140407,0.331045707,1.807606049,0.164022623,0.318566805,1.942212598,0.176424663,0.34637242,1.963287981,0.156421766,0.333315771,2.130878453,16.851679697,7.182319147,0.426207908,17.266456336,6.911578705,0.400289357,2.879953883,0.302161247,0.10491878,2.862504167,0.290771156,0.101579295,0.156412122,0.334627242,2.139394556,3.397036734,20.462286613,0.865639842,1.765089621,2.039057742,3.317980905,20.421205314,0.085618115,0.227615044,2.658491663,5.376356686,45.798617591,0.07328558,0.194150865,2.649236924,5.819509526,54.582302418,0.472626726,1.205277304,2.550167471,5.390148886,47.20775809,0.391398779,1.0179713,2.60085456,5.780300227,54.751142116,"none",0,0,0.461522265
"aplysia_sp","4_Aplysiasp_1_NL_N_RAW","50cm","animal",1.020302476,0.510151238,1,1,0.056232318,0.081126086,0,NA,0.755075619,NA,0.003338898,1.016833824,1.02380615,0.508416912,0.511903075,NA,1,NA,1,0.048260755,0.063961714,0,Inf,0,0,0,0,NA,0.755951537,0,Inf,0,0.006677796,298.5,Inf,148.75,NA,0.02985575,0.003739262,0.125244286,0.121173215,0.00574314,0.04739612,3.764518814,0.182863264,0.048575468,20.882967512,0,0,0.958723718,0,0,0.030056051,0.002519617,0.083830614,0.029989129,0.002986097,0.099572642,0.121480858,0.003869885,0.031855926,0.121378072,0.004586352,0.037785673,3.774314282,0.123218278,0.032646534,3.771041536,0.146030796,0.038724261,20.882967512,0,0,20.882967512,0,0,0.958723718,0,0,0.958723718,0,0,0.479299289,NA,NA,0.140949542,NA,NA,0.144946234,NA,NA,20.882967512,NA,NA,0.958723718,NA,NA,0,NA,NA,0.479299289,NA,NA,0,NA,NA,0.140949542,NA,NA,0,NA,NA,0.144946234,NA,NA,0,NA,NA,20.882967512,NA,NA,0,NA,NA,0.958723718,NA,NA,0.187906031,0.340623285,1.812732052,0.895136192,3.821529323,0.987765955,1.719976454,1.741279343,0.684491008,3.147853081,0.095805687,0.199478638,2.082116871,2.279845039,13.36000763,0.091620232,0.206347697,2.252206663,2.295968049,11.876472605,0.467316181,0.945843755,2.023991024,1.530685774,7.331436839,0.453154053,1.066967616,2.354536187,2.801706905,15.678312296,"none",0,0,0.316333833
"aplysia_sp","4_Aplysiasp_1_NL_N_RAW","50cm","animal+background",1.889765712,0.472441428,3.758182676,0.626363779,0.873982579,0.630445166,1.350829504,0.974417513,0.549402604,0.80243134,0.030339964,1.876409199,1.903010773,0.4691023,0.475752693,3.741076999,3.7754021,0.623512833,0.629233683,0.86665816,0.881114583,0.625161715,0.63558982,1.348505643,1.353215196,0.972741202,0.976138427,0.546307567,0.552493188,0.798951458,0.805864123,0.036362051,0.024337245,31.959827834,26.501199041,40.089285714,0.39797276,0.091654603,0.039392768,0.429795845,0.142380347,0.027296921,0.191718318,4.115397691,0.773593248,0.187975332,18.802649138,9.496905751,0.505083389,2.730634733,1.207561009,0.442227221,0.092582697,0.039037093,0.421645672,0.092190914,0.039216655,0.425385252,0.142929013,0.026593414,0.186060291,0.142641953,0.027060501,0.189709274,4.128246381,0.752897634,0.182377108,4.121081477,0.766580967,0.186014514,18.816938705,9.500537689,0.504892844,18.788581076,9.49330074,0.505269701,2.730993482,1.208217678,0.442409579,2.730281545,1.206914031,0.442047463,0.315195726,0.119493655,0.379109374,0.118439695,0.183651068,1.550587138,0.11651897,0.183651472,1.576150845,13.251020617,5.573088964,0.420578092,2.107853663,0.791105604,0.375313343,0.313058986,0.117992431,0.376901594,0.318377944,0.121602324,0.381943304,0.117518876,0.183324221,1.559955539,0.119811057,0.184125378,1.536797873,0.115751863,0.183266754,1.583272607,0.11766141,0.184215043,1.565636885,13.150632516,5.503062689,0.418463727,13.40052718,5.671386807,0.423221171,2.093474077,0.786709907,0.375791568,2.129268974,0.796966176,0.374290982,0.193108725,0.412430169,2.135740734,3.218143971,17.450646364,1.070639481,2.184110495,2.040005561,3.188146549,16.841982966,0.108765818,0.286379471,2.632991477,5.058296493,39.562820439,0.087303238,0.226172773,2.590657333,5.128678145,39.773499645,0.613365616,1.550589704,2.528002328,4.832044448,34.29587635,0.45492259,1.168119794,2.567733105,5.5636191,47.72359339,"none",0,0,0.256590276
"aplysia_sp","4_Aplysiasp_1_NL_N_RAW","50cm","background",1.669591052,0.556530351,1.475092488,0.491697496,0.723430052,0.658494411,0.50279875,0.725385263,0.524113923,0.691939837,0.021351489,1.660587664,1.678502224,0.553529221,0.559500741,1.549089911,1.349710443,0.516363304,0.449903481,0.718760352,0.727995805,1.036951995,1.050275937,0.539566837,0.427777113,0.491134901,0.389379508,0.534946263,0.504702111,0.764043448,0.719827723,0.026999443,0.015721816,45.835140998,36.037800687,62.605882353,0.365333081,0.095195144,0.038428932,0.403685841,0.142381667,0.031271215,0.219629502,4.157866978,0.915260237,0.220127349,20.58877028,8.024860046,0.389768788,2.793971144,0.923980352,0.330705045,0.095991567,0.037946736,0.395313222,0.095622641,0.038226231,0.399761293,0.142689022,0.031048646,0.217596601,0.142457892,0.031341968,0.220008649,4.162123891,0.907596673,0.218060946,4.15676958,0.916858315,0.220569915,20.602674389,8.021809696,0.389357689,20.575069971,8.02782922,0.390172633,2.794041496,0.924656256,0.330938627,2.793901823,0.923313863,0.330474699,0.36007201,0.043317995,0.1203037,0.11304835,0.175609859,1.553404883,0.084389107,0.231968488,2.748796565,15.095458543,1.956793763,0.129627978,2.182128301,0.507509,0.232575234,0.35789624,0.045443556,0.126974109,0.363796415,0.038852851,0.106798333,0.121868854,0.184226821,1.511680913,0.097949722,0.157508296,1.608052505,0.096040384,0.243350899,2.533839307,0.064444864,0.208057575,3.228458619,14.997173017,2.052811248,0.13687988,15.263700238,1.755090825,0.114984623,2.207619382,0.532411848,0.241170128,2.138493567,0.455195845,0.212858178,0.154203451,0.331159919,2.147551934,3.311174482,18.67215362,0.980256146,2.020251655,2.060942605,3.298346594,18.705297484,0.087791177,0.235020411,2.677039068,5.063477648,38.468000547,0.068496292,0.183301712,2.676082274,6.016979931,56.057877586,0.562347239,1.445351696,2.57021213,5.031301508,37.997376471,0.411495473,1.087212391,2.642100487,6.022319398,56.454525032,"none",0,0,0.279081252
